<?xml version="1.0"?><extension version="1.7" type="template" method="upgrade"><name>visit-geo</name><version>1.0</version><creationDate>06/09/2017 00:00:00</creationDate><author>TemplateToaster</author><authorUrl>http://TemplateToaster.com</authorUrl><copyright>Copyright 2012http://templatetoaster.comAll Rights Reserved.</copyright><license>GNU/GPL</license><description>Add the site description here</description><files><filename>index.php</filename><filename>error.php</filename><filename>jquery.js</filename><filename>html5shiv.js</filename><filename>respond.min.js</filename><filename>prefixfree.min.js</filename><filename>jquery-ui-1.9.2.custom.min.js</filename><filename>bootstrap.min.js</filename><filename>totop.js</filename><filename>template_thumbnail.png</filename><filename>template_preview.png</filename><filename>menulogo.png</filename><filename>params.ini</filename><filename>templateDetails.xml</filename><folder>css</folder><folder>html</folder><folder>images</folder><folder>language</folder></files><positions><position>SlideShow Position1</position><position>contentPosition</position><position>Menu</position><position>LeftFooterArea</position><position>CenterFooterArea</position><position>RightFooterArea</position></positions><params><param name="show_effects" type="radio" default="1" label="Show mootools effects" description="Enable/Disable the use of rich javascript effect on the site"><option value="0">No</option><option value="1">Yes</option></param><param name="modules_start" type="list" default="open" label="Modules State" description="When effect enabled choose if the modules slides should start open or closed"><option value="open">Open</option><option value="close">Close</option></param></params><config><fields name="params"><fieldset name="SideBar" label="Sidebar Options"><field name="sidebar_menu_font_size" type="text" default="14" label="Sidebar Menu Heading Font Size" description="Change Sidebar Menu Heading Font Size" /><field name="sidebar_menu_heading_tag" type="headertag" default="h3" label="Sidebar Menu Heading Tag" description="Change Sidebar Menu Heading Tag" /><field name="block_heading_font_size" type="text" default="14" label="Block Heading Font Size" description="Change Block Heading Font Size" /><field name="heading_tag_block" type="headertag" default="h3" label="Heading Tag for Block Heading" description="Change Heading Tag for Block Heading" /></fieldset><fieldset name="style_options" label="Style Options"><field name="slideshow position1" type="list" default="block" label="SlideShow Position1 Position Style"><option value="block">TT Default</option><option value="none">None</option></field><field name="contentposition" type="list" default="block" label="contentPosition Position Style"><option value="block">TT Default</option><option value="none">None</option></field><field name="menu" type="list" default="block" label="Menu Position Style"><option value="block">TT Default</option><option value="none">None</option></field><field name="leftfooterarea" type="list" default="block" label="LeftFooterArea Position Style"><option value="block">TT Default</option><option value="none">None</option></field><field name="centerfooterarea" type="list" default="block" label="CenterFooterArea Position Style"><option value="block">TT Default</option><option value="none">None</option></field><field name="rightfooterarea" type="list" default="block" label="RightFooterArea Position Style"><option value="block">TT Default</option><option value="none">None</option></field><field name="debug" type="list" default="block" label="Debug Position Style"><option value="block">TT Default</option><option value="none">None</option></field></fieldset><fieldset name="menu_style_options" label="Menu Style Options"><field name="enable_click_on_menu" type="hidden" default="h_menu_hover" label="Enable menu"><option value="h_menu_click">Click</option><option value="h_menu_hover">Hover</option></field><field name="enable_click_on_sidebar_menu" type="hidden" default="v_menu_hover" label="Enable  vertical menu"><option value="v_menu_click">Click</option><option value="v_menu_hover">Hover</option></field><field name="slideshow position1ms" type="list" default="h_menu" label="SlideShow Position1 Menu Style"><option value="h_menu">Horizontal</option><option value="v_menu">Vertical</option></field><field name="contentpositionms" type="list" default="h_menu" label="contentPosition Menu Style"><option value="h_menu">Horizontal</option><option value="v_menu">Vertical</option></field><field name="menums" type="list" default="h_menu" label="Menu Position Menu Style"><option value="h_menu">Horizontal</option><option value="v_menu">Vertical</option></field><field name="leftfooterareams" type="list" default="h_menu" label="LeftFooterArea Menu Style"><option value="h_menu">Horizontal</option><option value="v_menu">Vertical</option></field><field name="centerfooterareams" type="list" default="h_menu" label="CenterFooterArea Menu Style"><option value="h_menu">Horizontal</option><option value="v_menu">Vertical</option></field><field name="rightfooterareams" type="list" default="h_menu" label="RightFooterArea Menu Style"><option value="h_menu">Horizontal</option><option value="v_menu">Vertical</option></field></fieldset></fields></config></extension>